1, Hóng rồi đó Tiến_Xoăn_Gia_Hư Shop tiến phát bạc liêu 1,Giá cổ_phiếu Apple giảm nhẹ còn 160 sau khi iphone_x daivigold đã nói Người_ta bàn về Iphone sau cứ phải lôi ss vào nhỉ Tiểu_nhân lôi s S vào chỗ nào bác chỉ cái
1,iphone_8 chụp thích thật
1,Nguyễn_Duyên Đặt trước siêu phẩm iphone 2017 trúng quà đẳng_cấp tới 80 triệu iphone bản quốc_tế hàng chính hãng giá tốt nhất tại Viettel_Store
1, Em thề em không mê iphone_8x nhưng ai chọi cọc tiền trị_giá bằng cái iphone để em sữa mũi , em nguyện yêu người đó trọn đời 1,iphone_x mở màn_hình bằng nhận_dạng khuôn_mặt kìa em kết nó
1,iphone_8 đã có 1 đơn cụng muốn mở lắm rồi
1,Apple watch series 3 Còn hơn gấp mấy lần iphone_8 Chỉ có cái em còn mắc hơn cái điện_thoại chị đãng sài
1,Nhân_dịp iphone_x mới ra em nâng_cấp máy 5 kim lên máy 14 kim để phun cho nhanh để nhanh có tiền lên ip 6s Giảm 10 khi phun môi mày 1 lượt Giảm_giá xử_lí môi thâm 1 triệu 2 còn 1 triệu
1,iphone_x có thêm phương_thức thanh_toán cho khách_hàng chọn_lựa
1,Giá cổ_phiếu Apple giảm nhẹ còn 160 sau khi iphone_x Vậy fan cứng của Apple cuhiep đã tuyên_bố Ql vs Face ID là cứu_cánh của Apple
1,Có rất nhiều công_ty có biên lợi_nhuận cao hơn nhiều Chúng_tôi định_giá sản_phẩm dựa trên giá_trị của chúng SohaKinhDoanh Tim_Cook iphone không_chỉ dành cho người giàu
1, Đang dùng iphone_se , năm sau sắm con X nữa_là chuẩn men 1,Tháo 2 lốp để lên con iphone_x chắc được
1, Mần chiếc mồ Tuấn_Anh Đại_Kỷ_Nguyên iphone_8 thị_trường , tính_năng mới độc_quyền và mạnh_mẽ 1,Ai giỏi về iphone tớ nhờ chúT Thanks all
1,Cười no iphone_x không dành cho chị_em
1,Hùng_Trần_Mạnh Đặt trước siêu phẩm iphone 2017 trúng quà đẳng_cấp tới 80 triệu iphone bản quốc_tế hàng chính hãng giá tốt nhất tại Viettel_Store
1,Sở_thích của 1 cô nàng cung Thiên_Bình là 1 tháng sẽ thay hình nền iphone 1 lần
1,trên tay iphone_x_Jet_Black phiên_bản giới_hạn độc _ quyền
1, Giá cổ_phiếu Apple giảm nhẹ còn 160 sau khi iphone_x Nokfev đã nói Đúng là ếch_ngồi_đáy_giếng bị người_ta vạch_mặt ra rồi , nên bắt_đầu chửi bạn tưởng thế_gian này chỉ mình bạn được dùng iphone chắc 1,iphone_8 vs iphon X có gì khác_nhau thế sao dân mạng Toàn X_X_X suốt v
1, Mọi người cho emmình hỏi chút ạ , hôm_nay em có lỡ kích vào phần tối_đã hóa dung_lượng trong iphone , giờ toàn_bộ các ảnh đều bị mờ và có dấu_chấm_than ở góc ảnh Em đã làm theo hướng_dẫn trên mạng nhưng vẫn không khôi_phục được Mn cho em hỏi đây là lỗi gì và sửa như_thế_nào ạ Em cảm_ơn ạ 1,Ngày_trước apple ra iphone_5 SE giờ ra thêm iphone_x nữa_là đúng quy_trình rồi đấy
1, Nhìn kích_thích quá không lẽ chia_tay với con 7 Hoàng_Công_Hò Đại_Kỷ_Nguyên iphone_8 thị_trường , tính_năng mới độc_quyền và mạnh_mẽ 1, Tao là tao nể mấy thằng cơm cha áo mẹ , thân thì như cái nùi lao mà suốt ngày lên fb iphone_8 iphone_x có tính_năng này , tính_năng kia , phải rước em nó về , bao_nhiêu ngày chờ_đợi , bla bla bla dm tao nhìn hài vcc 1,Hệ_thống apple quá đẳng_cấp iphone_x chính_thức có sạc không dây và màn_hình cực đẹp iphone_x chính_thức có sạc không dây và màn_hình cực đẹp
1, iphone_8 xấu nhỷ , xấu thật_sự luôn ý , ai tặng thì dùng tạm thôi 1, Nf vs các trang mạng hôm_nay toàn nói về iphone_x nhể , năm nay không theo phong_trào được nữa r 1,Mỗi lần iphone ra sản_phẩm mới là dân_tình dậy sóng
1,Sau khi iphone_x các nhà_sản_xuất quyết_định không lấy hình quả táo để làm thương_hiệu nữa mà sẽ đổi thành_quả thận
1, Mít_Mít Trên tay iphone_x_Tuyệt đẹp , smartphone tương_lai là đây Và câu trả_lời vào ngày 129 vừa_rồi trong iphone của Apple chính là chiếc iphone_x , đánh_dấu 10 năm lần đầu_tiên iphone ra_đời 1,Có giấc_mơ gọi_là iphone_x_Tối qua đã mơ và nay mơ tiếp PS thí_dụ đi chơi xui xui té gãy mũi hay xức môi làm_sao mở khoá nó ta
1,Nói lên suy_nghĩ của em Uyê Đại_Kỷ_Nguyên iphone_8 thị_trường , tính_năng mới độc_quyền và mạnh_mẽ 1,iphone_x hay note 8 đều ok Nhưng vẫn thích iphone_x hơn Video quảng_cáo iphone_x iphone_x trình_làng gây sốc
1,Nghe đồn iphone_8 có tính_năng mới nhận_diện bê đê qua khuôn_mặt hả trời
1,iphone_x xuất_sắc vậy nè trời
1,Ủa Iphone_Ích_Xì đẹp qtqd kìa lại còn ngay dịp sinh_nhật mình cận_kề nữa ủa sao ngộ quá ta
1,Bỏ hết tất vả vì Iphone_Xgiống BB quá nên hơi khoái
1,iphone_x xinh quá mà em lại là fan android Huhu có nên
1,Thất_nghiệp rồi yk chơi thôi Thức đêm xem iphone_8 at iphone_8
1,Từ_khoá hôm_nay và các ngày_sau là iphone_x mình thuộc dạng không mê công_nghệ cho_nên chắc sắp nghỉ chơi nhìu người quá Cơ_mà nó đẹp quá thôi_thì 311 mình tính tiếp
1, Cập_nhật bảng quy_đổi giá iphone_8 , 8 và iphone_x cho anh_chị_em có nhu_cầu ạ 1,Trời má có cái iphone mà rần_rần
1,Dự là ngày hôm_nay Fb sẽ tràn_ngập tin iphone_x
1,Cẩm_Đào Bom tấn iphone_x đã trong 1 bữa tiệc công_nghệ đầy ấn_tượng của Apple Đây có_lẽ sẽ chiếm rất nhiều giấy mực của báo_giới cho xem
1,iphone_x đẹp quá trời Giá thận dạo ni dao_động arang hệ 1,So_sánh xiaomi iphone
1,iphone_7 Plus vẫn đãng xài tốt Dương_Anh
1,Thầy_thuốc minh_Đức sẽ rất vui nếu được bệnh_nhân tặng chiếc iphone mới
1, Đang xài iphone_se , cuối năm cưới iphone_x , thế_là cả năm tới chơi với combo iphone_seX là chuẩn nhẩy 1, 1000 đẹp muốn xĩu Apple iphone_x first look The iphone_x is the new super flagship phone from apple comes with an edgetoedge screen , Face ID facial recognition system , whixh can be used to unlo 1,Cần giao_lưu 1 cặp iphone_x
1,Gom lúa thôi mọi người ơi 3 3 iphone_x_Soái ca vạn người mê
1,Bóng_bẩy quá nhỉ iphone_x an early first look apple future iphone arrives in November
1,Sáng ngày ra newfeed tràn_ngập Iphone các thứ các thứ Up cái ảnh mặt mình cho nó khác các bạn
1, Kìa v , Iphone mới chính_thức có tai thỏ rồi kìa Thế_là không có gì phải tiếc nữa nhé 1,linkhay Lộ ảnh iphone_x tuyệt đẹp trước giờ Lộ ảnh iphone_x tuyệt đẹp trước giờ 1,Tổng_hợp iphone_8 Tổng_hợp iphone_8 Facebook
1,iphone_8 và 8 plus quá đẹp trời_ơi great
1,iphone_x đẹp quá Ad cũng muốn có 1 em Ai cũng muốn có 1 em như ad không Nguồn video coppy phukien 24vn 24vn Lào_Cai
1, iphone_8 , iphone_x , Samsung_Note 8 hay gì gì bạn XCable mini2 này cũng đều CÂN_ĐƯỢC_HẾTTTTT Xem thêm bạn ý tại đây nè gphis 1, datmobilevn uy_tín từ điều nhỏ nhất Link trực_tiếp lễ iphone_8 Xem cùng ad để gom lúa dần nào các mem
1,Vâng v nay là ngày 13 và là ngày Apple iphone_8 excited at Chuồn_Của_Sun v
1,Có ai thức hóng iphone mới không 1, Xem đẹp thì sẽ cố 